INSERT INTO public.questionnaires (id, name, welcome_message, goodbye_message, start_question_id, created_at, updated_at) VALUES ('5dbf9c19-0478-4759-a8ff-7df72388cc65', 'Epilepsy RC1', 'Начальное сообщение!', 'Спасибо, до свидания!', 'e6e15830-9929-4e38-8561-cdd350cfa2cc', '2022-12-17 14:28:07.952296', '2022-12-17 14:28:07.952296');

insert into questions (id, question, kind, next_question_id, questionnaire_id, created_at, updated_at)
values  ('e6e15830-9929-4e38-8561-cdd350cfa2cc', 'Информированное согласие. Текст на согласовывании с ЛПУ.', 'close', '37a5dfe3-eb28-4a78-86a8-a1d26187f273', '5dbf9c19-0478-4759-a8ff-7df72388cc65', '2022-12-17 14:31:43.263996', '2022-12-17 14:31:43.263996'),
        ('37a5dfe3-eb28-4a78-86a8-a1d26187f273', 'Фамилия Имя Отчество взрослого, подписавшего Информированное согласие на участие ребенка', 'open', '6000913a-5f58-4a12-bb53-3fed63ecd71c', '5dbf9c19-0478-4759-a8ff-7df72388cc65', '2022-12-17 14:32:55.818976', '2022-12-17 14:32:55.818976'),
        ('d8c3b749-65da-4f24-b09f-a2fd9cfa924d', 'Пол ребенка', 'close', 'b265976a-0644-4109-a63c-8e0900894d50', '5dbf9c19-0478-4759-a8ff-7df72388cc65', '2022-12-17 14:34:46.389963', '2022-12-17 14:34:46.389963'),
        ('b265976a-0644-4109-a63c-8e0900894d50', 'С какого года эпилепсия?', 'range', '0341523e-2d65-4464-b375-486e02a4078d', '5dbf9c19-0478-4759-a8ff-7df72388cc65', '2022-12-17 14:37:05.942240', '2022-12-17 14:37:05.942240'),
        ('0341523e-2d65-4464-b375-486e02a4078d', 'Наличие группы инвалидности', 'close', 'a3a128ff-4740-4223-8c69-7fae98435c47', '5dbf9c19-0478-4759-a8ff-7df72388cc65', '2022-12-17 14:39:25.452867', '2022-12-17 14:39:25.452867'),
        ('a3a128ff-4740-4223-8c69-7fae98435c47', 'Пожалуйста, оцените общее состояние здоровья Вашего ребенка на протяжении последних 4-х недель', 'close', '81e50e4c-c244-48b8-9c1a-f4e436cf2003', '5dbf9c19-0478-4759-a8ff-7df72388cc65', '2022-12-17 21:18:26.717365', '2022-12-17 21:18:26.717365'),
        ('6000913a-5f58-4a12-bb53-3fed63ecd71c', 'Фамилия Имя Отчество Вашего ребенка', 'open', 'd8c3b749-65da-4f24-b09f-a2fd9cfa924d', '5dbf9c19-0478-4759-a8ff-7df72388cc65', '2022-12-17 21:45:55.047967', '2022-12-17 21:45:55.047967'),
        ('81e50e4c-c244-48b8-9c1a-f4e436cf2003', 'Противоэпилептический препарат, принимаемый в настоящее время. После окончания выбора, нажмите кнопку "Следующий вопрос"', 'close', '81e50e4c-c244-48b8-9c1a-f4e436cf2003', '5dbf9c19-0478-4759-a8ff-7df72388cc65', '2022-12-17 21:52:03.230820', '2022-12-17 21:52:03.230820'),
        ('282789f3-ddf3-40c5-8bde-24fd1ebaf7dc', 'Следующие вопросы касаются оказанной Вашему ребенку медицинской помощи за последние 12 месяцев.', 'close', '926b0fb3-cfb5-4ff9-a54b-55c266d5f712', '5dbf9c19-0478-4759-a8ff-7df72388cc65', '2022-12-17 21:57:48.277798', '2022-12-17 21:57:48.277798'),
        ('6df6f4bc-9f4c-4210-9ca6-6d0200afdfc3', 'Cколько раз вы сдавали анализ мочи за последние 12 месяцев (цифра)?', 'range', 'a95e03d8-0cbd-4a7d-9d06-9ea4ff22c192', '5dbf9c19-0478-4759-a8ff-7df72388cc65', '2022-12-17 21:59:17.705252', '2022-12-17 21:59:17.705252'),
        ('a95e03d8-0cbd-4a7d-9d06-9ea4ff22c192', 'Сколько раз вы определяли концентрацию лекарства в крови (терапевтический лекарственный мониторинг) за последние 12 месяцев (цифра)?', 'range', '5cb2672b-636c-4900-a437-57a0bdb435e0', '5dbf9c19-0478-4759-a8ff-7df72388cc65', '2022-12-17 22:00:33.936147', '2022-12-17 22:00:33.936147'),
        ('5cb2672b-636c-4900-a437-57a0bdb435e0', 'Сколько раз вам проводилась рутинная ЭЭГ за последние 12 месяцев (цифра)?', 'range', '29078dbb-b0ba-4788-9eeb-1e7f2ed05d48', '5dbf9c19-0478-4759-a8ff-7df72388cc65', '2022-12-17 22:01:31.885144', '2022-12-17 22:01:31.885144'),
        ('29078dbb-b0ba-4788-9eeb-1e7f2ed05d48', 'Был ли дневной видео ЭЭГ-мониторинг за последние 12 месяцев?', 'close', '77256ad7-d92f-4f25-a797-20987af3b445', '5dbf9c19-0478-4759-a8ff-7df72388cc65', '2022-12-17 22:02:17.546592', '2022-12-17 22:02:17.546592'),
        ('ec8cc6f2-2406-41d9-9b7a-f067f3c265ab', 'Общее количество ЧАСОВ (цифра)', 'range', '77256ad7-d92f-4f25-a797-20987af3b445', '5dbf9c19-0478-4759-a8ff-7df72388cc65', '2022-12-17 22:02:18.546000', '2022-12-17 22:02:17.546592'),
        ('77256ad7-d92f-4f25-a797-20987af3b445', 'Был ли ночной видео ЭЭГ-мониторинг за последние 12 месяцев?', 'close', '0e336972-afce-4405-81e9-9fb44cab4a73', '5dbf9c19-0478-4759-a8ff-7df72388cc65', '2022-12-17 22:05:12.655747', '2022-12-17 22:05:12.655747'),
        ('2b732f6a-8103-4bb1-8d9c-cffb83f69a22', 'Общее количество РАЗ (цифра)', 'range', '0e336972-afce-4405-81e9-9fb44cab4a73', '5dbf9c19-0478-4759-a8ff-7df72388cc65', '2022-12-17 22:07:49.923079', '2022-12-17 22:07:49.923079'),
        ('0e336972-afce-4405-81e9-9fb44cab4a73', 'Была ли магниторезонансная томография (МРТ) головного мозга за последние 12 месяцев?', 'close', 'a15ab26e-75c3-480e-a50b-6dc14ab2e546', '5dbf9c19-0478-4759-a8ff-7df72388cc65', '2022-12-17 22:09:32.642149', '2022-12-17 22:09:32.642149'),
        ('cd0ef190-f21f-4d61-a0d1-c832555caa71', 'Общее количество РАЗ (цифра)', 'range', 'a15ab26e-75c3-480e-a50b-6dc14ab2e546', '5dbf9c19-0478-4759-a8ff-7df72388cc65', '2022-12-18 10:34:19.106629', '2022-12-18 10:34:19.106629'),
        ('a15ab26e-75c3-480e-a50b-6dc14ab2e546', 'Была ли компьютерная томография головы с контрастированием структур головного мозга за последние 12 месяцев?', 'close', '03b7f10b-3194-46d7-99ff-d4b909657b75', '5dbf9c19-0478-4759-a8ff-7df72388cc65', '2022-12-18 10:37:41.825182', '2022-12-18 10:37:41.825182'),
        ('118dcc62-4938-49c8-8b7e-7f8cdb2c2a8e', 'Общее количество раз (цифра)', 'range', '03b7f10b-3194-46d7-99ff-d4b909657b75', '5dbf9c19-0478-4759-a8ff-7df72388cc65', '2022-12-18 10:38:12.504563', '2022-12-18 10:38:12.504563'),
        ('03b7f10b-3194-46d7-99ff-d4b909657b75', 'Было ли ядерно-магнитное резонансное исследование центральной нервной системы и головного мозга?', 'close', 'b07d29ea-7d72-4b20-b5df-aeae04f77d3e', '5dbf9c19-0478-4759-a8ff-7df72388cc65', '2022-12-18 10:39:50.100642', '2022-12-18 10:39:50.100642'),
        ('85011cce-6554-4c9a-8816-b024abc64ec2', 'Общее количество раз (цифра)', 'range', 'b07d29ea-7d72-4b20-b5df-aeae04f77d3e', '5dbf9c19-0478-4759-a8ff-7df72388cc65', '2022-12-18 10:39:51.100000', '2022-12-18 10:39:50.100642'),
        ('76b763e8-4957-4257-b9ef-9f270ccf66f8', 'Находились ли в стационаре за последние 12 месяцев?', 'close', 'cb97624f-0e06-4fdf-8e69-d7941630c2ae', '5dbf9c19-0478-4759-a8ff-7df72388cc65', '2022-12-18 10:43:48.057000', '2022-12-18 10:43:47.057207'),
        ('a0fe61cc-358a-4343-ab41-c29822398e95', 'Общее количество дней (цифра)', 'range', '5155ad15-6341-4a84-a8d0-c0cd2359f7b7', '5dbf9c19-0478-4759-a8ff-7df72388cc65', '2022-12-18 10:43:49.057000', '2022-12-18 10:43:47.057207'),
        ('cb97624f-0e06-4fdf-8e69-d7941630c2ae', 'Посещали ли дневной стационар за последние 12 месяцев?', 'close', 'aed8d08c-c481-42e2-96ab-b58386f9142e', '5dbf9c19-0478-4759-a8ff-7df72388cc65', '2022-12-18 10:46:02.202169', '2022-12-18 10:46:02.202169'),
        ('9f317e3b-b977-4f11-8409-52d9bd30f36f', 'Общее количество дней (цифра)', 'range', 'aed8d08c-c481-42e2-96ab-b58386f9142e', '5dbf9c19-0478-4759-a8ff-7df72388cc65', '2022-12-18 10:46:03.202000', '2022-12-18 10:46:02.202000'),
        ('85f8bc7f-55c5-4a51-b274-c741f4aee2ca', 'Была ли ультразвуковая допплерография сосудов шеи за последние 12 месяцев?', 'close', '38dd828b-349d-443c-a057-3cd39d8cb131', '5dbf9c19-0478-4759-a8ff-7df72388cc65', '2022-12-18 10:47:53.422621', '2022-12-18 10:47:53.422621'),
        ('c3dc2bd7-f1ba-4524-a4fd-6e7bc9a17ac8', 'Количество раз (цифра)', 'range', '38dd828b-349d-443c-a057-3cd39d8cb131', '5dbf9c19-0478-4759-a8ff-7df72388cc65', '2022-12-18 10:47:54.422000', '2022-12-18 10:47:53.422621'),
        ('38dd828b-349d-443c-a057-3cd39d8cb131', 'Количество визитов к неврологу за последние 12 месяцев, включая лечащего врача по месту жительства и эпилептолога(ов) (цифра)', 'range', 'd704e25f-2922-457c-99c3-e9667025d181', '5dbf9c19-0478-4759-a8ff-7df72388cc65', '2022-12-18 10:49:10.762498', '2022-12-18 10:49:10.762498'),
        ('d704e25f-2922-457c-99c3-e9667025d181', 'Количество визитов к психиатру за последние 12 месяцев (цифра)', 'range', 'b6ef8061-863a-46e4-bb95-d14a9e73ba79', '5dbf9c19-0478-4759-a8ff-7df72388cc65', '2022-12-18 10:50:13.905247', '2022-12-18 10:50:13.905247'),
        ('67ad7baa-f1b1-4da2-a19d-3a0f0b3b6467', 'Количество визитов к офтальмологу за последние 12 месяцев (цифра)', 'range', '5d951244-4c0f-4343-9cdb-09064c3f299f', '5dbf9c19-0478-4759-a8ff-7df72388cc65', '2022-12-18 10:50:52.231811', '2022-12-18 10:50:52.231811'),
        ('5d951244-4c0f-4343-9cdb-09064c3f299f', 'Количество визитов к кардиологу за последние 12 месяцев', 'range', 'bec6a475-f063-437f-a144-af3a2dd26f30', '5dbf9c19-0478-4759-a8ff-7df72388cc65', '2022-12-18 10:51:41.544895', '2022-12-18 10:51:41.544895'),
        ('bec6a475-f063-437f-a144-af3a2dd26f30', 'Количество визитов к нейрохирургу за последние 12 месяцев (цифра)', 'range', 'ce3dce67-9d33-4110-8d2a-81da99617e43', '5dbf9c19-0478-4759-a8ff-7df72388cc65', '2022-12-18 10:52:35.703754', '2022-12-18 10:52:35.703754'),
        ('1aaebd8b-f986-4ec5-bb06-84e3e1a56aef', 'Количество дней на услуги няни или сиделки за последние 12 месяцев (цифра)', 'range', '0981490f-fdaf-4953-b2a7-b68111b7f94e', '5dbf9c19-0478-4759-a8ff-7df72388cc65', '2022-12-18 10:53:40.481953', '2022-12-18 10:53:40.481953'),
        ('0981490f-fdaf-4953-b2a7-b68111b7f94e', 'Спасибо! Почти закончили! (смайл) Будем признательны Вашим ответам на те же вопросы через 12 и 24 месяцев.', 'close', '7a3f0368-d3a2-41c3-9689-1d3b88b85f1a', '5dbf9c19-0478-4759-a8ff-7df72388cc65', '2022-12-18 10:54:39.660728', '2022-12-18 10:54:39.660728'),
        ('926b0fb3-cfb5-4ff9-a54b-55c266d5f712', 'Cколько раз вы сдавали анализ крови за последние 12 месяцев (цифра)?', 'range', '6df6f4bc-9f4c-4210-9ca6-6d0200afdfc3', '5dbf9c19-0478-4759-a8ff-7df72388cc65', '2022-12-19 18:09:11.679554', '2022-12-19 18:09:11.679554'),
        ('b07d29ea-7d72-4b20-b5df-aeae04f77d3e', 'Была ли электрокардиография (ЭКГ) за последние 12 месяцев?', 'close', '1ab4303d-d727-45e7-91b0-ea6ec246a3fb', '5dbf9c19-0478-4759-a8ff-7df72388cc65', '2022-12-19 18:21:14.604813', '2022-12-19 18:21:14.604813'),
        ('1ab4303d-d727-45e7-91b0-ea6ec246a3fb', 'Было ли холтеровское мониторирование?', 'close', '85f8bc7f-55c5-4a51-b274-c741f4aee2ca', '5dbf9c19-0478-4759-a8ff-7df72388cc65', '2022-12-19 18:22:11.258957', '2022-12-19 18:22:11.258957'),
        ('5155ad15-6341-4a84-a8d0-c0cd2359f7b7', 'Какое количество раз вызывали скорую помощь (цифра)?', 'range', 'cb97624f-0e06-4fdf-8e69-d7941630c2ae', '5dbf9c19-0478-4759-a8ff-7df72388cc65', '2022-12-19 19:54:40.575925', '2022-12-19 19:54:40.575925'),
        ('aed8d08c-c481-42e2-96ab-b58386f9142e', 'Следующие вопросы касаются визитов к некоторым специалистам за последние 12 месяцев', 'close', '38dd828b-349d-443c-a057-3cd39d8cb131', '5dbf9c19-0478-4759-a8ff-7df72388cc65', '2022-12-19 20:00:20.343645', '2022-12-19 20:00:20.343645'),
        ('b6ef8061-863a-46e4-bb95-d14a9e73ba79', 'Количество визитов к психологу за последние 12 месяцев (цифра)', 'range', '67ad7baa-f1b1-4da2-a19d-3a0f0b3b6467', '5dbf9c19-0478-4759-a8ff-7df72388cc65', '2022-12-19 20:02:01.482464', '2022-12-19 20:02:01.482464'),
        ('ce3dce67-9d33-4110-8d2a-81da99617e43', 'Количество визитов к генетику за последние 12 месяцев (цифра)', 'range', '456b6644-af5e-4898-8248-7eab575fd148', '5dbf9c19-0478-4759-a8ff-7df72388cc65', '2022-12-19 20:03:16.779790', '2022-12-19 20:03:16.779790'),
        ('456b6644-af5e-4898-8248-7eab575fd148', 'Проходили ли генетическое тестирование?', 'close', '1aaebd8b-f986-4ec5-bb06-84e3e1a56aef', '5dbf9c19-0478-4759-a8ff-7df72388cc65', '2022-12-19 20:04:37.041297', '2022-12-19 20:04:37.041297'),
        ('76fdd6e8-c491-4be8-9937-ed7ef8fce45c', 'Общее количество раз (цифра)', 'range', '1aaebd8b-f986-4ec5-bb06-84e3e1a56aef', '5dbf9c19-0478-4759-a8ff-7df72388cc65', '2022-12-19 20:05:44.842855', '2022-12-19 20:05:44.842855'),
        ('7a3f0368-d3a2-41c3-9689-1d3b88b85f1a', 'Заключительные вопросы касаются общего состояния здоровья Вашего ребенка. Периодичность этого опроса более регулярна. Это необходимо для изучения динамики. Некоторые вопросы могут выглядеть похожими. Также есть вопросы о проблемах, которые Ваш ребенок может не проявлять. Здесь нет правильных или неправильных ответов. Выберите ответ, который, по вашему мнению, наиболее подходящий.', 'close', '5d9faf89-cef2-40ed-b8e0-49c18c285a9a', '5dbf9c19-0478-4759-a8ff-7df72388cc65', '2022-12-19 20:09:18.970581', '2022-12-19 20:09:18.970581'),
        ('5d9faf89-cef2-40ed-b8e0-49c18c285a9a', 'Следующие вопросы касаются некоторых проблем вашего ребенка с концентрацией внимания, памятью и языковыми навыками.', 'close', 'd1973b88-846b-4db7-becb-46eda0197834', '5dbf9c19-0478-4759-a8ff-7df72388cc65', '2022-12-19 20:10:35.341660', '2022-12-19 20:10:35.341660'),
        ('d1973b88-846b-4db7-becb-46eda0197834', 'Были ли проблемы с пониманием инструкций и указаний?', 'close', 'f7650d5a-9840-4309-95c5-bc862926c25d', '5dbf9c19-0478-4759-a8ff-7df72388cc65', '2022-12-19 20:11:14.670267', '2022-12-19 20:11:14.670267'),
        ('f7650d5a-9840-4309-95c5-bc862926c25d', 'Испытывает трудности с выполнением сложных инструкций и указаний?', 'close', '083e05e6-425d-4357-92b2-cec8a471cad6', '5dbf9c19-0478-4759-a8ff-7df72388cc65', '2022-12-19 20:12:43.970372', '2022-12-19 20:12:43.970372'),
        ('083e05e6-425d-4357-92b2-cec8a471cad6', 'Испытывает трудности с выполнением простых указаний?', 'close', '0f4dafa1-7df5-4892-a74d-dee1aefac292', '5dbf9c19-0478-4759-a8ff-7df72388cc65', '2022-12-19 20:14:05.824286', '2022-12-19 20:14:05.824286'),
        ('0f4dafa1-7df5-4892-a74d-dee1aefac292', 'Трудно вспомнить, кто что ему/ей говорил?', 'close', '822b089a-7a34-404a-b9a7-e8423624c3d3', '5dbf9c19-0478-4759-a8ff-7df72388cc65', '2022-12-19 20:15:31.532529', '2022-12-19 20:15:31.532529'),
        ('822b089a-7a34-404a-b9a7-e8423624c3d3', 'В следующих вопросах описаны чувства, которые может испытывать ваш ребенок.', 'close', 'efedcb7f-e98a-467f-9366-7ea088ddda87', '5dbf9c19-0478-4759-a8ff-7df72388cc65', '2022-12-19 20:16:36.814387', '2022-12-19 20:16:36.814387'),
        ('efedcb7f-e98a-467f-9366-7ea088ddda87', 'Как часто, по вашему мнению, за последние 4 недели  ваш ребенок испытывал чувство, что его/её никто не понимает?', 'close', '08a0d555-1e12-44ca-8315-3fa3206f8580', '5dbf9c19-0478-4759-a8ff-7df72388cc65', '2022-12-19 20:17:40.547483', '2022-12-19 20:17:40.547483'),
        ('08a0d555-1e12-44ca-8315-3fa3206f8580', 'Как часто, по вашему мнению, за последние 4 недели  ваш ребенок чувствовал себя подавленным или депрессивным?', 'close', 'f5244921-2fc1-41f7-84fc-912b57bbb44b', '5dbf9c19-0478-4759-a8ff-7df72388cc65', '2022-12-19 20:18:25.949211', '2022-12-19 20:18:25.949211'),
        ('f5244921-2fc1-41f7-84fc-912b57bbb44b', 'Как часто, по вашему мнению, за последние 4 недели  ваш ребенок испытывал разочарование?', 'close', 'd3bf1119-e9c6-496f-9332-5060c1304bd6', '5dbf9c19-0478-4759-a8ff-7df72388cc65', '2022-12-19 20:19:22.998544', '2022-12-19 20:19:22.998544'),
        ('d3bf1119-e9c6-496f-9332-5060c1304bd6', 'Как часто, по вашему мнению, за последние 4 недели  ваш ребенок чувствовал себя уверенно?', 'close', 'b39cb8ad-4510-4467-b819-502d47831bd3', '5dbf9c19-0478-4759-a8ff-7df72388cc65', '2022-12-19 20:20:21.897126', '2022-12-19 20:20:21.897126'),
        ('b39cb8ad-4510-4467-b819-502d47831bd3', 'За последние 4 недели была ли ограничена социальная активность Вашего ребенка из-за эпилепсии или проблем, связанных с эпилепсией, по сравнению со сверстниками и в какой степени?', 'close', '0416a5fc-556e-44ff-a676-cb3f78b65cb0', '5dbf9c19-0478-4759-a8ff-7df72388cc65', '2022-12-19 20:21:32.946682', '2022-12-19 20:21:32.946682'),
        ('0416a5fc-556e-44ff-a676-cb3f78b65cb0', 'Повлияло ли заболевание на его/ее социальное взаимодействие в школе или других коллективах?', 'close', 'e53e2c2e-60c7-44fb-ba5b-659247eed0c8', '5dbf9c19-0478-4759-a8ff-7df72388cc65', '2022-12-19 20:23:20.354651', '2022-12-19 20:23:20.354651'),
        ('e53e2c2e-60c7-44fb-ba5b-659247eed0c8', 'Что привело к его/ее изоляции?', 'close', '905e3127-c01a-40ed-bc27-c4ab7a6b1108', '5dbf9c19-0478-4759-a8ff-7df72388cc65', '2022-12-19 20:24:15.565149', '2022-12-19 20:24:15.565149'),
        ('905e3127-c01a-40ed-bc27-c4ab7a6b1108', 'Трудно ли ему/ей поддерживать дружеские отношения?', 'close', 'eae95600-d6ca-43a7-8a26-dee1db30aac3', '5dbf9c19-0478-4759-a8ff-7df72388cc65', '2022-12-19 20:24:45.722776', '2022-12-19 20:24:45.722776'),
        ('eae95600-d6ca-43a7-8a26-dee1db30aac3', 'Следующие вопросы касаются ежедневной физической активности вашего ребенка в течение последних 4 недель.', 'close', 'a71953ca-d6d4-4726-81f6-d41fca4d014d', '5dbf9c19-0478-4759-a8ff-7df72388cc65', '2022-12-19 20:26:18.519641', '2022-12-19 20:26:18.519641'),
        ('a71953ca-d6d4-4726-81f6-d41fca4d014d', 'В течение последних 4 недель Ваш ребенок свободно играет на улице также как сверстники?', 'close', '37f9aa7d-167e-4555-bbe0-08b49ae0a452', '5dbf9c19-0478-4759-a8ff-7df72388cc65', '2022-12-19 20:27:26.049596', '2022-12-19 20:27:26.049596'),
        ('37f9aa7d-167e-4555-bbe0-08b49ae0a452', 'В течение последних 4 недель физическая активность вашего ребенка неровне со сверстниками?', 'close', 'd735422b-498c-41a9-8d78-ade078708832', '5dbf9c19-0478-4759-a8ff-7df72388cc65', '2022-12-19 20:28:35.376705', '2022-12-19 20:28:35.376705'),
        ('d735422b-498c-41a9-8d78-ade078708832', 'В течение последних 4 недель ваш ребенок свободно играет в помещении также как сверстники?', 'close', '95549c90-f3f7-425a-91af-422af8113aa4', '5dbf9c19-0478-4759-a8ff-7df72388cc65', '2022-12-19 20:29:20.869246', '2022-12-19 20:29:20.869246'),
        ('95549c90-f3f7-425a-91af-422af8113aa4', 'В течение последних 4 недель ваш ребенок требует большего присмотра, чем другие дети того же возраста?', 'close', '15246113-389a-4a14-b233-727a74fdbcb5', '5dbf9c19-0478-4759-a8ff-7df72388cc65', '2022-12-19 20:30:07.761288', '2022-12-19 20:30:07.761288'),
        ('15246113-389a-4a14-b233-727a74fdbcb5', 'Благодарность за ответы. Инструкция по дальнейшей коммуникации. Текст на согласовании с ЛПУ.', 'close', null, '5dbf9c19-0478-4759-a8ff-7df72388cc65', '2022-12-19 20:30:47.096392', '2022-12-19 20:30:47.096392'),
        ('1b9cf379-f558-4b75-b29c-708e9ab52c60', 'Общее количество раз (цифра)', 'range', '1ab4303d-d727-45e7-91b0-ea6ec246a3fb', '5dbf9c19-0478-4759-a8ff-7df72388cc65', '2022-12-21 21:46:23.601987', '2022-12-21 21:46:23.601987');

insert into range_answer (id, question_id, minimum, maximum, created_at, updated_at)
values  ('390633b8-a274-474f-8276-237fd56b2bd4', '282789f3-ddf3-40c5-8bde-24fd1ebaf7dc', 0, 10000, '2022-12-17 21:58:44.154368', '2022-12-17 21:58:44.154368'),
        ('60c5c17f-3761-4545-88b2-9cdd26f290cb', '6df6f4bc-9f4c-4210-9ca6-6d0200afdfc3', 0, 10000, '2022-12-17 21:59:36.873625', '2022-12-17 21:59:36.873625'),
        ('1d981ac4-1d55-4a6c-a35d-539dcef26b5d', 'a0fe61cc-358a-4343-ab41-c29822398e95', 0, 30000, '2022-12-18 10:45:11.271636', '2022-12-18 10:45:11.271636'),
        ('5bf4934e-7f2e-4a5e-86d6-b716a971ddf2', 'cd0ef190-f21f-4d61-a0d1-c832555caa71', 0, 1000, '2022-12-18 10:34:36.766117', '2022-12-18 10:34:36.766117'),
        ('41fd23b1-d9c5-460a-b258-3bbfb45931f7', '85011cce-6554-4c9a-8816-b024abc64ec2', 0, 1000, '2022-12-18 10:42:46.397655', '2022-12-18 10:42:46.397655'),
        ('f1fe45a8-9ca6-4f39-ad8c-7201c02742a2', 'bec6a475-f063-437f-a144-af3a2dd26f30', 0, 365, '2022-12-18 10:53:01.779863', '2022-12-18 10:53:01.779863'),
        ('af3a08e2-2480-4dc2-8e08-04913c087b22', '67ad7baa-f1b1-4da2-a19d-3a0f0b3b6467', 0, 365, '2022-12-18 10:51:07.006102', '2022-12-18 10:51:07.006102'),
        ('a8d61889-9bff-4155-be24-b632c7c2a302', 'ec8cc6f2-2406-41d9-9b7a-f067f3c265ab', 0, 10000, '2022-12-17 22:04:13.066399', '2022-12-17 22:04:13.066399'),
        ('f33c0de0-ecc6-45b2-b475-13a371c81558', 'a95e03d8-0cbd-4a7d-9d06-9ea4ff22c192', 0, 1000, '2022-12-17 22:01:02.479775', '2022-12-17 22:01:02.479775'),
        ('5c1400a0-a0a6-4879-a660-adf47802539c', '118dcc62-4938-49c8-8b7e-7f8cdb2c2a8e', 0, 1000, '2022-12-18 10:39:08.535357', '2022-12-18 10:39:08.535357'),
        ('b6305ed8-12e6-4a86-9980-346bfa8c68a0', '5d951244-4c0f-4343-9cdb-09064c3f299f', 0, 365, '2022-12-18 10:52:06.559352', '2022-12-18 10:52:06.559352'),
        ('e6b4d16d-33c4-4a62-9ed6-c6755f0da025', '1aaebd8b-f986-4ec5-bb06-84e3e1a56aef', 0, 366, '2022-12-18 10:53:57.673256', '2022-12-18 10:53:57.673256'),
        ('7f92694f-d4d3-4f65-a3fb-c8d82a4aac63', 'd704e25f-2922-457c-99c3-e9667025d181', 0, 356, '2022-12-18 10:50:33.308361', '2022-12-18 10:50:33.308361'),
        ('697100b5-c35e-4167-b3f3-bff30b479126', '9f317e3b-b977-4f11-8409-52d9bd30f36f', 0, 30000, '2022-12-18 10:47:03.445837', '2022-12-18 10:47:03.445837'),
        ('4889ad85-832a-47a2-a4b5-9ef3d5f94af8', '5cb2672b-636c-4900-a437-57a0bdb435e0', 0, 1000, '2022-12-17 22:01:02.479775', '2022-12-17 22:01:02.479775'),
        ('8203ff30-cf5c-4e2e-aca0-1de4c0f67bc1', '2b732f6a-8103-4bb1-8d9c-cffb83f69a22', 0, 10000, '2022-12-17 22:08:37.825090', '2022-12-17 22:08:37.825090'),
        ('7f95e5a4-5658-47be-844d-5ea7c9ca185f', '38dd828b-349d-443c-a057-3cd39d8cb131', 0, 365, '2022-12-18 10:49:34.162125', '2022-12-18 10:49:34.162125'),
        ('df406e8d-3715-46a9-b461-7d16a31525e7', 'c3dc2bd7-f1ba-4524-a4fd-6e7bc9a17ac8', 0, 1000, '2022-12-18 10:48:39.049146', '2022-12-18 10:48:39.049146'),
        ('1be7fd9e-84a5-449c-bd14-3add6da00df9', 'b265976a-0644-4109-a63c-8e0900894d50', 0, 10000, '2022-12-19 18:05:36.112539', '2022-12-19 18:05:36.112539'),
        ('c0568256-38aa-42b8-bdf5-1ad05c819205', '926b0fb3-cfb5-4ff9-a54b-55c266d5f712', 0, 10000, '2022-12-19 18:10:33.167355', '2022-12-19 18:10:33.167355'),
        ('27712e47-30ee-445a-8948-530392c707cc', '5155ad15-6341-4a84-a8d0-c0cd2359f7b7', 0, 10000, '2022-12-19 19:54:51.159723', '2022-12-19 19:54:51.159723'),
        ('d8b12303-a885-4bce-8bdd-df84d50341a2', 'b6ef8061-863a-46e4-bb95-d14a9e73ba79', 0, 10000, '2022-12-19 20:02:38.415761', '2022-12-19 20:02:38.415761'),
        ('a7071a87-4a11-4591-acf4-8f02c9243b14', 'ce3dce67-9d33-4110-8d2a-81da99617e43', 0, 10000, '2022-12-19 20:05:09.192498', '2022-12-19 20:05:09.192498'),
        ('d3d1391a-e3ac-43ee-a357-5339de57dc33', '76fdd6e8-c491-4be8-9937-ed7ef8fce45c', 0, 10000, '2022-12-19 20:06:34.465941', '2022-12-19 20:06:34.465941'),
        ('13ff79a5-a592-4d7b-b483-f3abea5986c1', '1b9cf379-f558-4b75-b29c-708e9ab52c60', 0, 100000, '2022-12-21 21:47:13.876116', '2022-12-21 21:47:13.876116');

insert into answer_options (id, question_id, answer, rank, next_question_id, created_at, updated_at)
values  ('0e1ebe7c-f141-465e-9e0a-3ff5fa77b81d', '0341523e-2d65-4464-b375-486e02a4078d', 'Да', 1, null, '2022-12-17 14:39:44.596710', '2022-12-17 14:39:44.596710'),
        ('02e430e4-e9df-4b19-a857-52013ace9752', '0341523e-2d65-4464-b375-486e02a4078d', 'Нет', 2, null, '2022-12-17 14:39:44.596710', '2022-12-17 14:39:44.596710'),
        ('4d448825-1b22-4276-9a94-54f6bba2c6c9', 'a3a128ff-4740-4223-8c69-7fae98435c47', 'Выраженное улучшение', 1, null, '2022-12-17 21:20:11.897168', '2022-12-17 21:20:11.897168'),
        ('8affc2c4-d1a9-4f45-ac7a-32f7d18b3ae3', 'a3a128ff-4740-4223-8c69-7fae98435c47', 'Значительное улучшение', 2, null, '2022-12-17 21:20:11.897168', '2022-12-17 21:20:11.897168'),
        ('0842aeb1-1c76-47cb-9ea5-16426fa925b5', 'a3a128ff-4740-4223-8c69-7fae98435c47', 'Незначительное улучшение', 3, null, '2022-12-17 21:20:11.897168', '2022-12-17 21:20:11.897168'),
        ('518e1974-bd43-4b7e-92f5-e4a5db226cfc', 'a3a128ff-4740-4223-8c69-7fae98435c47', 'Изменений нет', 4, null, '2022-12-17 21:20:11.897168', '2022-12-17 21:20:11.897168'),
        ('93149d2b-139b-43ae-a31b-9f0fa667cb1c', 'a3a128ff-4740-4223-8c69-7fae98435c47', 'Незначительное ухудшение', 5, null, '2022-12-17 21:20:11.897168', '2022-12-17 21:20:11.897168'),
        ('16fd8d82-1bf8-4a0d-953c-8f99745c3c47', 'a3a128ff-4740-4223-8c69-7fae98435c47', 'Значительное ухудшение', 6, null, '2022-12-17 21:20:11.897168', '2022-12-17 21:20:11.897168'),
        ('da8b96f8-01bc-4ec9-8a11-642333105c51', 'a3a128ff-4740-4223-8c69-7fae98435c47', 'Выраженное ухудшение', 7, null, '2022-12-17 21:20:11.897168', '2022-12-17 21:20:11.897168'),
        ('6b32bc68-bda5-4db8-a5b2-67a25975e761', '29078dbb-b0ba-4788-9eeb-1e7f2ed05d48', 'Да', 1, 'ec8cc6f2-2406-41d9-9b7a-f067f3c265ab', '2022-12-17 22:02:50.066709', '2022-12-17 22:02:50.066709'),
        ('01926ac3-dd95-4621-a3b7-09cb8e6f7c16', '77256ad7-d92f-4f25-a797-20987af3b445', 'Да', 1, '2b732f6a-8103-4bb1-8d9c-cffb83f69a22', '2022-12-17 22:06:35.216553', '2022-12-17 22:06:35.216553'),
        ('e16807b3-a585-48c5-86bb-27accef3d49b', '0e336972-afce-4405-81e9-9fb44cab4a73', 'Нет', 2, null, '2022-12-17 22:10:22.521000', '2022-12-17 22:10:21.521128'),
        ('1c4e20f6-9656-462d-a907-8628c5836c1e', '81e50e4c-c244-48b8-9c1a-f4e436cf2003', 'Руфинамид', 10, null, '2022-12-17 21:58:04.505984', '2022-12-17 21:58:04.505984'),
        ('bff81c1f-2568-43cf-8c56-b8759371a77b', '81e50e4c-c244-48b8-9c1a-f4e436cf2003', 'Фенобарбитал', 3, null, '2022-12-17 21:58:04.505984', '2022-12-17 21:58:04.505984'),
        ('03ff4fb5-7c2f-4753-b807-fd1c602e87d0', '81e50e4c-c244-48b8-9c1a-f4e436cf2003', 'Леветирацетам', 14, null, '2022-12-17 21:58:04.505984', '2022-12-17 21:58:04.505984'),
        ('711cc26e-873a-4e9b-8cc0-8792487cb7d9', '81e50e4c-c244-48b8-9c1a-f4e436cf2003', 'Вальпроевая кислота', 11, null, '2022-12-17 21:58:04.505984', '2022-12-17 21:58:04.505984'),
        ('e762a3a2-ebf6-42c1-9ac6-1682856c90da', '81e50e4c-c244-48b8-9c1a-f4e436cf2003', 'Этосуксимид', 5, null, '2022-12-17 21:58:04.505984', '2022-12-17 21:58:04.505984'),
        ('a297fa6a-2d2f-479b-8316-89cceeed126c', '81e50e4c-c244-48b8-9c1a-f4e436cf2003', 'Ламотриджин', 19, null, '2022-12-17 21:58:04.505984', '2022-12-17 21:58:04.505984'),
        ('f8a7b023-a09a-4bc3-9899-1704a2ce86fe', '81e50e4c-c244-48b8-9c1a-f4e436cf2003', 'Перампанел', 15, null, '2022-12-17 21:58:04.505984', '2022-12-17 21:58:04.505984'),
        ('52f1a59c-e0b3-40aa-8f90-f5ab21c52d91', '81e50e4c-c244-48b8-9c1a-f4e436cf2003', 'Бриварацетам', 12, null, '2022-12-17 21:58:04.505984', '2022-12-17 21:58:04.505984'),
        ('5724cdf9-64fe-4244-bc83-15e89c6c8cef', '81e50e4c-c244-48b8-9c1a-f4e436cf2003', 'Карбамазепин', 7, null, '2022-12-17 21:58:04.505984', '2022-12-17 21:58:04.505984'),
        ('bd9a24fb-9141-44c6-bff6-6291783a2aa0', '81e50e4c-c244-48b8-9c1a-f4e436cf2003', 'Фенитоин', 4, null, '2022-12-17 21:58:04.505984', '2022-12-17 21:58:04.505984'),
        ('7eb9cbf3-ee05-42b5-b61e-e7e807631bfb', '81e50e4c-c244-48b8-9c1a-f4e436cf2003', 'Эсликарбазепин', 9, null, '2022-12-17 21:58:04.505984', '2022-12-17 21:58:04.505984'),
        ('cee9d226-9201-4fcd-a8bc-3689738d9dc3', '81e50e4c-c244-48b8-9c1a-f4e436cf2003', 'Топирамат', 17, null, '2022-12-17 21:58:04.505984', '2022-12-17 21:58:04.505984'),
        ('d2db9d65-e68f-43e4-9797-e480dd39d292', '81e50e4c-c244-48b8-9c1a-f4e436cf2003', 'Зонисамид', 20, null, '2022-12-17 21:58:04.505984', '2022-12-17 21:58:04.505984'),
        ('ad78bfe8-3f17-4de2-bd80-fa86813a6218', '81e50e4c-c244-48b8-9c1a-f4e436cf2003', 'Гапатентин', 18, null, '2022-12-17 21:58:04.505984', '2022-12-17 21:58:04.505984'),
        ('d96887d0-3d7b-42f6-8cf2-bffcf458bee7', '81e50e4c-c244-48b8-9c1a-f4e436cf2003', 'Прегабалин', 16, null, '2022-12-17 21:58:04.505984', '2022-12-17 21:58:04.505984'),
        ('ab318e93-2f7e-40fd-9e39-2c39044070ab', '81e50e4c-c244-48b8-9c1a-f4e436cf2003', 'Окскарбазепин', 8, null, '2022-12-17 21:58:04.505984', '2022-12-17 21:58:04.505984'),
        ('695a9243-ba92-422d-87b8-9ccba9015779', '81e50e4c-c244-48b8-9c1a-f4e436cf2003', 'Бензобарбитал', 2, null, '2022-12-17 21:58:04.505984', '2022-12-17 21:58:04.505984'),
        ('0c474f31-a9e7-4b7f-89e2-fa85da79032d', '81e50e4c-c244-48b8-9c1a-f4e436cf2003', 'Клоназепам', 6, null, '2022-12-17 21:58:04.505984', '2022-12-17 21:58:04.505984'),
        ('47beb205-3fb4-41bd-ae5d-2be214b36475', '81e50e4c-c244-48b8-9c1a-f4e436cf2003', 'Лакосамид', 13, null, '2022-12-17 21:58:04.505984', '2022-12-17 21:58:04.505984'),
        ('aba92d9a-7918-46fa-91d4-94a8ac6e9a4d', '0e336972-afce-4405-81e9-9fb44cab4a73', 'Да', 1, 'cd0ef190-f21f-4d61-a0d1-c832555caa71', '2022-12-17 22:10:21.521128', '2022-12-17 22:10:21.521128'),
        ('4bdf21af-c493-4e27-9cc5-6d99f5b3d756', '0981490f-fdaf-4953-b2a7-b68111b7f94e', 'Продолжить', 1, null, '2022-12-18 10:56:12.935042', '2022-12-18 10:56:12.935042'),
        ('7e8b77b0-5ac5-43f9-8c4d-e0449ecb2cc7', 'a15ab26e-75c3-480e-a50b-6dc14ab2e546', 'Да', 1, '118dcc62-4938-49c8-8b7e-7f8cdb2c2a8e', '2022-12-18 10:38:43.113171', '2022-12-18 10:38:43.113171'),
        ('071bdcb8-4167-45e6-98fe-a5b6871b56a5', 'a15ab26e-75c3-480e-a50b-6dc14ab2e546', 'Нет', 2, null, '2022-12-18 10:38:43.113171', '2022-12-18 10:38:43.113171'),
        ('e78318b4-379d-4103-a03d-92733eabf14c', '03b7f10b-3194-46d7-99ff-d4b909657b75', 'Нет', 2, null, '2022-12-18 10:41:30.039389', '2022-12-18 10:41:30.039389'),
        ('3e84bb56-f92a-407a-af90-e676e779c1d7', '03b7f10b-3194-46d7-99ff-d4b909657b75', 'Да', 1, '85011cce-6554-4c9a-8816-b024abc64ec2', '2022-12-18 10:41:30.039389', '2022-12-18 10:41:30.039389'),
        ('a15a2bf6-dbdd-4b04-aeab-ed37912c7ded', '29078dbb-b0ba-4788-9eeb-1e7f2ed05d48', 'Нет', 2, null, '2022-12-17 22:02:50.066709', '2022-12-17 22:02:50.066709'),
        ('30df4806-3b8d-45ce-9c50-b03f90966a34', '77256ad7-d92f-4f25-a797-20987af3b445', 'Нет', 2, null, '2022-12-17 22:06:36.216000', '2022-12-17 22:06:35.216553'),
        ('b36b6ff3-3364-4d59-9414-2ba269ed74b4', '76b763e8-4957-4257-b9ef-9f270ccf66f8', 'Да', 1, 'a0fe61cc-358a-4343-ab41-c29822398e95', '2022-12-18 10:44:49.942308', '2022-12-18 10:44:49.942308'),
        ('fca84869-d4f6-4984-ab6f-d32fe3537f87', '76b763e8-4957-4257-b9ef-9f270ccf66f8', 'Нет', 2, null, '2022-12-18 10:44:49.942308', '2022-12-18 10:44:49.942308'),
        ('56319420-6ef1-419f-a2f3-da4210129054', 'cb97624f-0e06-4fdf-8e69-d7941630c2ae', 'Да', 1, '9f317e3b-b977-4f11-8409-52d9bd30f36f', '2022-12-18 10:46:49.097482', '2022-12-18 10:46:49.097482'),
        ('f92015a9-713d-4084-bf55-c6a7efaf412e', 'cb97624f-0e06-4fdf-8e69-d7941630c2ae', 'Нет', 2, null, '2022-12-18 10:46:49.097482', '2022-12-18 10:46:49.097482'),
        ('2a77cdd4-4011-4dac-a267-e5d27e96fee3', '85f8bc7f-55c5-4a51-b274-c741f4aee2ca', 'Да', 1, 'c3dc2bd7-f1ba-4524-a4fd-6e7bc9a17ac8', '2022-12-18 10:48:28.760340', '2022-12-18 10:48:28.760340'),
        ('62e1bf82-fc42-412f-869e-21dfaf75da4f', '85f8bc7f-55c5-4a51-b274-c741f4aee2ca', 'Нет', 2, null, '2022-12-18 10:48:28.760340', '2022-12-18 10:48:28.760340'),
        ('5d2e492b-dbfd-4c76-82f9-eac8c2c0cfd7', 'cd0ef190-f21f-4d61-a0d1-c832555caa71', '1', 1, null, '2022-12-18 11:59:15.193331', '2022-12-18 11:59:15.193331'),
        ('c6bcb398-9611-43e5-ac2b-b0a2568254ab', 'cd0ef190-f21f-4d61-a0d1-c832555caa71', '2', 2, null, '2022-12-18 11:59:15.193331', '2022-12-18 11:59:15.193331'),
        ('727903c6-a79c-4516-adcf-c24b29513238', 'cd0ef190-f21f-4d61-a0d1-c832555caa71', '3', 3, null, '2022-12-18 11:59:15.193331', '2022-12-18 11:59:15.193331'),
        ('9a87a3b8-dffe-4a20-b9b3-3b1e40f9b121', 'cd0ef190-f21f-4d61-a0d1-c832555caa71', '5', 4, null, '2022-12-18 11:59:15.193331', '2022-12-18 11:59:15.193331'),
        ('f3eec550-e6be-4dee-b115-66ca80b83c0a', 'cd0ef190-f21f-4d61-a0d1-c832555caa71', '5', 5, null, '2022-12-18 11:59:15.193331', '2022-12-18 11:59:15.193331'),
        ('07bf07a9-9ab8-4595-82d7-106ec9d79f98', 'cd0ef190-f21f-4d61-a0d1-c832555caa71', '6', 6, null, '2022-12-18 11:59:15.193331', '2022-12-18 11:59:15.193331'),
        ('daa928df-e36f-4d05-b0fa-f3eb93161d25', 'b07d29ea-7d72-4b20-b5df-aeae04f77d3e', 'Нет', 2, null, '2022-12-19 18:22:53.318639', '2022-12-19 18:22:53.318639'),
        ('432f4927-c51d-4a61-9e3d-12ddceaa01c3', '81e50e4c-c244-48b8-9c1a-f4e436cf2003', 'Следующий вопрос ➡️', 1, '282789f3-ddf3-40c5-8bde-24fd1ebaf7dc', '2022-12-17 21:58:04.505984', '2022-12-17 21:58:04.505984'),
        ('68793685-d475-44ef-9a8a-2d17624eb6dd', '282789f3-ddf3-40c5-8bde-24fd1ebaf7dc', 'Далее', 1, null, '2022-12-19 18:08:32.531201', '2022-12-19 18:08:32.531201'),
        ('8d0f9ae5-08da-4ea8-b093-7a0ffdc76ff3', '1ab4303d-d727-45e7-91b0-ea6ec246a3fb', 'Да', 1, '713c7558-9684-462b-ac80-a9e5b3b9e8fb', '2022-12-19 18:23:36.456520', '2022-12-19 18:23:36.456520'),
        ('5fc50ffe-ffff-42fb-8b1f-de13b9d1d289', '1ab4303d-d727-45e7-91b0-ea6ec246a3fb', 'Нет', 2, null, '2022-12-19 18:23:36.456520', '2022-12-19 18:23:36.456520'),
        ('119e2c2c-3dea-41e2-a7da-b36411418300', 'aed8d08c-c481-42e2-96ab-b58386f9142e', 'Продолжить', 1, null, '2022-12-19 20:00:36.707682', '2022-12-19 20:00:36.707682'),
        ('3bfe5135-72a4-4a77-bec5-41b480ebaa26', '456b6644-af5e-4898-8248-7eab575fd148', 'Да', 1, '76fdd6e8-c491-4be8-9937-ed7ef8fce45c', '2022-12-19 20:06:43.240079', '2022-12-19 20:06:43.240079'),
        ('9b927132-ff1c-41df-8a6c-c5caf8001496', '456b6644-af5e-4898-8248-7eab575fd148', 'Нет', 2, null, '2022-12-19 20:06:43.240079', '2022-12-19 20:06:43.240079'),
        ('316d7f99-5302-48d0-9caa-aad938ec3bd0', '7a3f0368-d3a2-41c3-9689-1d3b88b85f1a', 'Далее', 1, null, '2022-12-19 20:09:37.769062', '2022-12-19 20:09:37.769062'),
        ('c3988cde-5cf0-4a21-b731-90e7afd0ca89', '5d9faf89-cef2-40ed-b8e0-49c18c285a9a', 'Продложить', 1, null, '2022-12-19 20:10:50.895019', '2022-12-19 20:10:50.895019'),
        ('557c3229-bc08-4297-b7ef-85955ebdb19f', 'd1973b88-846b-4db7-becb-46eda0197834', 'Всегда', 1, null, '2022-12-19 20:12:05.742989', '2022-12-19 20:12:05.742989'),
        ('9ab452ae-1613-4c28-af3a-d400ee0acd62', 'd1973b88-846b-4db7-becb-46eda0197834', 'Часто', 2, null, '2022-12-19 20:12:05.742989', '2022-12-19 20:12:05.742989'),
        ('808a6148-c8ac-4ba2-be58-4ae1aabbc067', 'd1973b88-846b-4db7-becb-46eda0197834', 'Иногда', 3, null, '2022-12-19 20:12:05.742989', '2022-12-19 20:12:05.742989'),
        ('cd81d25c-468c-4f39-8f34-48a35422475b', 'd1973b88-846b-4db7-becb-46eda0197834', 'Почти никогда', 4, null, '2022-12-19 20:12:05.742989', '2022-12-19 20:12:05.742989'),
        ('35e9a17c-06c5-4b39-aa5d-c2c724e477a0', 'd1973b88-846b-4db7-becb-46eda0197834', 'Нет', 5, null, '2022-12-19 20:12:05.742989', '2022-12-19 20:12:05.742989'),
        ('111951b6-e5ca-427f-aa0a-bb68be9c64b1', 'd1973b88-846b-4db7-becb-46eda0197834', 'Не применимо', 6, null, '2022-12-19 20:12:05.742989', '2022-12-19 20:12:05.742989'),
        ('208d00a1-4e7c-4b3f-9003-589c6fcc1fc5', 'f7650d5a-9840-4309-95c5-bc862926c25d', 'Всегда', 1, null, '2022-12-19 20:13:49.506223', '2022-12-19 20:13:49.506223'),
        ('dcd2315a-c660-4b9d-8606-ef2d8f0bd163', 'f7650d5a-9840-4309-95c5-bc862926c25d', 'Часто', 2, null, '2022-12-19 20:13:49.506223', '2022-12-19 20:13:49.506223'),
        ('80d4f0d9-cce7-421c-9d32-950a61e72fd3', 'f7650d5a-9840-4309-95c5-bc862926c25d', 'Иногда', 3, null, '2022-12-19 20:13:49.506223', '2022-12-19 20:13:49.506223'),
        ('d696ad1c-8b0e-45d5-b75a-1f0d33597a15', 'f7650d5a-9840-4309-95c5-bc862926c25d', 'Почти никогда', 4, null, '2022-12-19 20:13:49.506223', '2022-12-19 20:13:49.506223'),
        ('be1a873f-b86e-4719-b7c7-6d504e69c8ad', 'f7650d5a-9840-4309-95c5-bc862926c25d', 'Нет', 5, null, '2022-12-19 20:13:49.506223', '2022-12-19 20:13:49.506223'),
        ('f656f955-885e-4950-b837-7b3a40b4acfb', 'f7650d5a-9840-4309-95c5-bc862926c25d', 'Не применимо', 6, null, '2022-12-19 20:13:49.506223', '2022-12-19 20:13:49.506223'),
        ('b872ae29-165f-4e1e-90c1-ded9e40c0fa7', 'd8c3b749-65da-4f24-b09f-a2fd9cfa924d', 'Мальчик', 1, null, '2022-12-17 14:38:45.174185', '2022-12-17 14:38:45.174185'),
        ('74684441-ae76-445c-8c0d-67bd3eea8bae', '083e05e6-425d-4357-92b2-cec8a471cad6', 'Всегда', 1, null, '2022-12-19 20:14:25.761509', '2022-12-19 20:14:25.761509'),
        ('2245973f-80d4-4cbc-9b4c-1b7b62d9cce9', '083e05e6-425d-4357-92b2-cec8a471cad6', 'Часто', 2, null, '2022-12-19 20:14:25.761509', '2022-12-19 20:14:25.761509'),
        ('ced449a6-8fa3-47e8-ad36-6eef62212033', '083e05e6-425d-4357-92b2-cec8a471cad6', 'Иногда', 3, null, '2022-12-19 20:14:25.761509', '2022-12-19 20:14:25.761509'),
        ('4424f798-d663-40e9-b424-03bc36e13818', '083e05e6-425d-4357-92b2-cec8a471cad6', 'Почти никогда', 4, null, '2022-12-19 20:14:25.761509', '2022-12-19 20:14:25.761509'),
        ('54e90ef4-afcb-45a7-88f7-43065c0de51b', '083e05e6-425d-4357-92b2-cec8a471cad6', 'Нет', 5, null, '2022-12-19 20:14:25.761509', '2022-12-19 20:14:25.761509'),
        ('ebcfdadf-3e3b-4006-bb48-0b809fec814b', '083e05e6-425d-4357-92b2-cec8a471cad6', 'Не применимо', 6, null, '2022-12-19 20:14:25.761509', '2022-12-19 20:14:25.761509'),
        ('683801de-bd4e-4dc4-88be-1b6d29ce8921', '0f4dafa1-7df5-4892-a74d-dee1aefac292', 'Всегда', 1, null, '2022-12-19 20:15:47.452753', '2022-12-19 20:15:47.452753'),
        ('a51a0529-dc9c-41fc-be7a-46d1898e0942', '0f4dafa1-7df5-4892-a74d-dee1aefac292', 'Часто', 2, null, '2022-12-19 20:15:47.452753', '2022-12-19 20:15:47.452753'),
        ('3ac8977e-ea0b-413d-aaba-3e0dc2ac8446', '0f4dafa1-7df5-4892-a74d-dee1aefac292', 'Иногда', 3, null, '2022-12-19 20:15:47.452753', '2022-12-19 20:15:47.452753'),
        ('18fcd9f1-6159-46a2-93cb-cc7237f00963', '0f4dafa1-7df5-4892-a74d-dee1aefac292', 'Почти никогда', 4, null, '2022-12-19 20:15:47.452753', '2022-12-19 20:15:47.452753'),
        ('e4f27414-4240-47a5-b3b2-2210842f075f', '0f4dafa1-7df5-4892-a74d-dee1aefac292', 'Нет', 5, null, '2022-12-19 20:15:47.452753', '2022-12-19 20:15:47.452753'),
        ('96f9a823-b8fd-414b-af7b-afef400f4565', '0f4dafa1-7df5-4892-a74d-dee1aefac292', 'Не применимо', 6, null, '2022-12-19 20:15:47.452753', '2022-12-19 20:15:47.452753'),
        ('1bd6825f-e597-4fe6-97e2-bf44d2e5d58f', '822b089a-7a34-404a-b9a7-e8423624c3d3', 'Далее', 1, null, '2022-12-19 20:16:51.264173', '2022-12-19 20:16:51.264173'),
        ('fc39ec43-08d3-436c-b9b3-ec1ce5846680', 'efedcb7f-e98a-467f-9366-7ea088ddda87', 'Всегда', 1, null, '2022-12-19 20:18:04.885757', '2022-12-19 20:18:04.885757'),
        ('bcf2ce2e-7fdb-4a9b-99fc-efa7053b61f0', 'efedcb7f-e98a-467f-9366-7ea088ddda87', 'Часто', 2, null, '2022-12-19 20:18:04.885757', '2022-12-19 20:18:04.885757'),
        ('36e6b951-5666-47ca-acec-58bf0ce80668', 'efedcb7f-e98a-467f-9366-7ea088ddda87', 'Иногда', 3, null, '2022-12-19 20:18:04.885757', '2022-12-19 20:18:04.885757'),
        ('4783b224-942b-44bf-a37d-f9a850b2aad1', 'efedcb7f-e98a-467f-9366-7ea088ddda87', 'Почти никогда', 4, null, '2022-12-19 20:18:04.885757', '2022-12-19 20:18:04.885757'),
        ('138ebe45-e853-46c3-a757-eb81323b3f02', 'efedcb7f-e98a-467f-9366-7ea088ddda87', 'Нет', 5, null, '2022-12-19 20:18:04.885757', '2022-12-19 20:18:04.885757'),
        ('ef258868-ef17-423a-ae6b-01ad3e85beeb', 'efedcb7f-e98a-467f-9366-7ea088ddda87', 'Не применимо', 6, null, '2022-12-19 20:18:04.885757', '2022-12-19 20:18:04.885757'),
        ('834232af-0c0b-47c8-bec4-927ec2efd7d6', '08a0d555-1e12-44ca-8315-3fa3206f8580', 'Всегда', 1, null, '2022-12-19 20:18:53.067062', '2022-12-19 20:18:53.067062'),
        ('7d53d9a7-208c-4a6b-ac63-d34d1dc57b6f', '08a0d555-1e12-44ca-8315-3fa3206f8580', 'Часто', 2, null, '2022-12-19 20:18:53.067062', '2022-12-19 20:18:53.067062'),
        ('a983c360-2c90-4808-9ada-e6b0a7b9a3d5', '08a0d555-1e12-44ca-8315-3fa3206f8580', 'Иногда', 3, null, '2022-12-19 20:18:53.067062', '2022-12-19 20:18:53.067062'),
        ('59a0bb2d-2e98-4c23-9462-8b44638d03fb', '08a0d555-1e12-44ca-8315-3fa3206f8580', 'Почти никогда', 4, null, '2022-12-19 20:18:53.067062', '2022-12-19 20:18:53.067062'),
        ('8a01ddc4-576c-47f9-a61f-aebb3c3eca77', '08a0d555-1e12-44ca-8315-3fa3206f8580', 'Нет', 5, null, '2022-12-19 20:18:53.067062', '2022-12-19 20:18:53.067062'),
        ('07999642-2a6e-4f76-b0c2-150bec4410be', '08a0d555-1e12-44ca-8315-3fa3206f8580', 'Не применимо', 6, null, '2022-12-19 20:18:53.067062', '2022-12-19 20:18:53.067062'),
        ('db47840a-9be6-46ea-8305-5360c0f64733', 'f5244921-2fc1-41f7-84fc-912b57bbb44b', 'Всегда', 1, null, '2022-12-19 20:19:45.166708', '2022-12-19 20:19:45.166708'),
        ('9cec3020-bca6-4743-87ce-57df983aaca1', 'f5244921-2fc1-41f7-84fc-912b57bbb44b', 'Часто', 2, null, '2022-12-19 20:19:45.166708', '2022-12-19 20:19:45.166708'),
        ('2990c4dd-43f4-427c-b499-2d8712b08e2d', 'f5244921-2fc1-41f7-84fc-912b57bbb44b', 'Иногда', 3, null, '2022-12-19 20:19:45.166708', '2022-12-19 20:19:45.166708'),
        ('65640ee9-b446-467d-aca4-90d26ac78a69', 'f5244921-2fc1-41f7-84fc-912b57bbb44b', 'Почти никогда', 4, null, '2022-12-19 20:19:45.166708', '2022-12-19 20:19:45.166708'),
        ('4f9d84cd-f27b-498a-9601-4d8247f54984', 'f5244921-2fc1-41f7-84fc-912b57bbb44b', 'Нет', 5, null, '2022-12-19 20:19:45.166708', '2022-12-19 20:19:45.166708'),
        ('8b276bfa-d862-4556-bdfc-08e7b091e2f9', 'f5244921-2fc1-41f7-84fc-912b57bbb44b', 'Не применимо', 6, null, '2022-12-19 20:19:45.166708', '2022-12-19 20:19:45.166708'),
        ('e05cf9fc-6aa0-4f3a-b9f8-bf1140c267b0', 'd3bf1119-e9c6-496f-9332-5060c1304bd6', 'Всегда', 1, null, '2022-12-19 20:20:47.636592', '2022-12-19 20:20:47.636592'),
        ('9fa91a9e-5850-4b3e-863f-e45f904fa6eb', 'd3bf1119-e9c6-496f-9332-5060c1304bd6', 'Часто', 2, null, '2022-12-19 20:20:47.636592', '2022-12-19 20:20:47.636592'),
        ('7ddbc50c-7ba9-4705-8194-74f320770977', 'd3bf1119-e9c6-496f-9332-5060c1304bd6', 'Иногда', 3, null, '2022-12-19 20:20:47.636592', '2022-12-19 20:20:47.636592'),
        ('bff85092-65ce-4b3a-81c8-71e55cbccfb8', 'd3bf1119-e9c6-496f-9332-5060c1304bd6', 'Почти никогда', 4, null, '2022-12-19 20:20:47.636592', '2022-12-19 20:20:47.636592'),
        ('8ec781f4-f89f-4731-b33f-4ad60d1b5bb0', 'd3bf1119-e9c6-496f-9332-5060c1304bd6', 'Нет', 5, null, '2022-12-19 20:20:47.636592', '2022-12-19 20:20:47.636592'),
        ('cc57b146-96b1-46b8-a8fb-3e6120d07336', 'd3bf1119-e9c6-496f-9332-5060c1304bd6', 'Не применимо', 6, null, '2022-12-19 20:20:47.636592', '2022-12-19 20:20:47.636592'),
        ('3321d65c-3606-4e96-a532-6e88f8f9a0cc', 'b39cb8ad-4510-4467-b819-502d47831bd3', 'Да, сильно ограничено', 1, null, '2022-12-19 20:23:02.608512', '2022-12-19 20:23:02.608512'),
        ('f2393d48-56ed-4753-9899-ffe366bdcc4e', 'b39cb8ad-4510-4467-b819-502d47831bd3', 'Да, несколько ограничено', 2, null, '2022-12-19 20:23:02.608512', '2022-12-19 20:23:02.608512'),
        ('ecb629c5-153e-4821-ae57-9bf0a3e24c67', 'b39cb8ad-4510-4467-b819-502d47831bd3', 'Да, немного ограничено', 3, null, '2022-12-19 20:23:02.608512', '2022-12-19 20:23:02.608512'),
        ('2192ad3e-228b-4fed-90c9-25c130c5502f', 'b39cb8ad-4510-4467-b819-502d47831bd3', 'Да, но очень редко', 4, null, '2022-12-19 20:23:02.608512', '2022-12-19 20:23:02.608512'),
        ('5bc455f5-6770-49c8-ace8-5b85386ccefe', 'b39cb8ad-4510-4467-b819-502d47831bd3', 'Нет, ограничений нет', 5, null, '2022-12-19 20:23:02.608512', '2022-12-19 20:23:02.608512'),
        ('5c433458-86fc-4dfe-a9de-fececb5a4213', 'b39cb8ad-4510-4467-b819-502d47831bd3', 'Не применимо', 6, null, '2022-12-19 20:23:02.608512', '2022-12-19 20:23:02.608512'),
        ('ff675964-399d-40b4-b260-1a6507e27b56', '0416a5fc-556e-44ff-a676-cb3f78b65cb0', 'Всегда', 1, null, '2022-12-19 20:23:57.164223', '2022-12-19 20:23:57.164223'),
        ('3376bf89-afc1-401b-ba4d-77ba4d9fa7e0', '0416a5fc-556e-44ff-a676-cb3f78b65cb0', 'Часто', 2, null, '2022-12-19 20:23:57.164223', '2022-12-19 20:23:57.164223'),
        ('aa658912-66ad-4e2a-916f-604dd24a56c7', '0416a5fc-556e-44ff-a676-cb3f78b65cb0', 'Иногда', 3, null, '2022-12-19 20:23:57.164223', '2022-12-19 20:23:57.164223'),
        ('adc1e3d5-f15f-4679-b53c-12c66aa49364', '0416a5fc-556e-44ff-a676-cb3f78b65cb0', 'Почти никогда', 4, null, '2022-12-19 20:23:57.164223', '2022-12-19 20:23:57.164223'),
        ('27eef998-305d-462c-a856-572e3c0894ae', '0416a5fc-556e-44ff-a676-cb3f78b65cb0', 'Нет', 5, null, '2022-12-19 20:23:57.164223', '2022-12-19 20:23:57.164223'),
        ('70322245-b391-40af-a2c1-7931fab79603', '0416a5fc-556e-44ff-a676-cb3f78b65cb0', 'Не применимо', 6, null, '2022-12-19 20:23:57.164223', '2022-12-19 20:23:57.164223'),
        ('3e1f6ba3-7f13-4f1d-8fc8-6533f3a05b2e', 'e53e2c2e-60c7-44fb-ba5b-659247eed0c8', 'Всегда', 1, null, '2022-12-19 20:24:31.266623', '2022-12-19 20:24:31.266623'),
        ('697ab21c-242c-4b21-976a-abed5933ce1f', 'e53e2c2e-60c7-44fb-ba5b-659247eed0c8', 'Часто', 2, null, '2022-12-19 20:24:31.266623', '2022-12-19 20:24:31.266623'),
        ('2965d75c-adfc-44e7-b860-efa5cad5b82d', 'e53e2c2e-60c7-44fb-ba5b-659247eed0c8', 'Иногда', 3, null, '2022-12-19 20:24:31.266623', '2022-12-19 20:24:31.266623'),
        ('6980de48-3582-434b-b539-7c6a5b3d1d9b', 'e53e2c2e-60c7-44fb-ba5b-659247eed0c8', 'Почти никогда', 4, null, '2022-12-19 20:24:31.266623', '2022-12-19 20:24:31.266623'),
        ('c8c8a54d-0321-44b4-9956-0239a2357242', 'e53e2c2e-60c7-44fb-ba5b-659247eed0c8', 'Нет', 5, null, '2022-12-19 20:24:31.266623', '2022-12-19 20:24:31.266623'),
        ('809e0b98-53d6-46d9-8b2e-15c0ce549388', 'e53e2c2e-60c7-44fb-ba5b-659247eed0c8', 'Не применимо', 6, null, '2022-12-19 20:24:31.266623', '2022-12-19 20:24:31.266623'),
        ('3cb3a883-3a0f-4ff0-9d8a-e697be6f7664', '905e3127-c01a-40ed-bc27-c4ab7a6b1108', 'Всегда', 1, null, '2022-12-19 20:25:23.670539', '2022-12-19 20:25:23.670539'),
        ('a4ac23c2-426d-4060-9c29-cba6acd3d326', '905e3127-c01a-40ed-bc27-c4ab7a6b1108', 'Часто', 2, null, '2022-12-19 20:25:23.670539', '2022-12-19 20:25:23.670539'),
        ('f1e4db52-af99-460e-8233-28bb2bf2c43d', '905e3127-c01a-40ed-bc27-c4ab7a6b1108', 'Иногда', 3, null, '2022-12-19 20:25:23.670539', '2022-12-19 20:25:23.670539'),
        ('04e5bc4a-1e0e-471c-9d80-d56a16225eea', '905e3127-c01a-40ed-bc27-c4ab7a6b1108', 'Почти никогда', 4, null, '2022-12-19 20:25:23.670539', '2022-12-19 20:25:23.670539'),
        ('ee85fe1a-07ea-4812-a3c1-1e6eef16ae84', '905e3127-c01a-40ed-bc27-c4ab7a6b1108', 'Нет', 5, null, '2022-12-19 20:25:23.670539', '2022-12-19 20:25:23.670539'),
        ('feb2f7c8-ae16-4f73-9686-dd80f597fdae', '905e3127-c01a-40ed-bc27-c4ab7a6b1108', 'Не применимо', 6, null, '2022-12-19 20:25:23.670539', '2022-12-19 20:25:23.670539'),
        ('57545f09-d652-4412-9647-1b0d276495e0', 'eae95600-d6ca-43a7-8a26-dee1db30aac3', 'Далее', 1, null, '2022-12-19 20:27:04.035454', '2022-12-19 20:27:04.035454'),
        ('b72e2616-2982-4ba8-af51-a1b10b7008dc', 'a71953ca-d6d4-4726-81f6-d41fca4d014d', 'Всегда', 1, null, '2022-12-19 20:27:47.861164', '2022-12-19 20:27:47.861164'),
        ('c82cc10a-f6d7-4e04-a363-26bcc5de6672', 'a71953ca-d6d4-4726-81f6-d41fca4d014d', 'Часто', 2, null, '2022-12-19 20:27:47.861164', '2022-12-19 20:27:47.861164'),
        ('1809330c-8eb8-4cd5-9c46-bbf8a299ac70', 'a71953ca-d6d4-4726-81f6-d41fca4d014d', 'Иногда', 3, null, '2022-12-19 20:27:47.861164', '2022-12-19 20:27:47.861164'),
        ('058f80e7-a4e8-4c75-9797-8b6095971757', 'a71953ca-d6d4-4726-81f6-d41fca4d014d', 'Почти никогда', 4, null, '2022-12-19 20:27:47.861164', '2022-12-19 20:27:47.861164'),
        ('6f80ce6a-aff6-4819-9c24-a92ea0ca0bc3', 'a71953ca-d6d4-4726-81f6-d41fca4d014d', 'Нет', 5, null, '2022-12-19 20:27:47.861164', '2022-12-19 20:27:47.861164'),
        ('cdd86244-a28d-4094-8f8e-18beb48fd5c2', 'a71953ca-d6d4-4726-81f6-d41fca4d014d', 'Не применимо', 6, null, '2022-12-19 20:27:47.861164', '2022-12-19 20:27:47.861164'),
        ('5d86eb54-10cf-4fc3-987e-1f4032fd88e9', '37f9aa7d-167e-4555-bbe0-08b49ae0a452', 'Всегда', 1, null, '2022-12-19 20:28:56.171294', '2022-12-19 20:28:56.171294'),
        ('158a73d7-78de-4019-8a02-80a39707011b', '37f9aa7d-167e-4555-bbe0-08b49ae0a452', 'Часто', 2, null, '2022-12-19 20:28:56.171294', '2022-12-19 20:28:56.171294'),
        ('ad7b6c90-1877-47a4-9295-73aac7cbc0f9', '37f9aa7d-167e-4555-bbe0-08b49ae0a452', 'Иногда', 3, null, '2022-12-19 20:28:56.171294', '2022-12-19 20:28:56.171294'),
        ('9f0ba21e-0338-4147-b5ce-a0dfab471332', '37f9aa7d-167e-4555-bbe0-08b49ae0a452', 'Почти никогда', 4, null, '2022-12-19 20:28:56.171294', '2022-12-19 20:28:56.171294'),
        ('a74fcf9c-fcb1-42f1-be11-b754ffed7962', '37f9aa7d-167e-4555-bbe0-08b49ae0a452', 'Нет', 5, null, '2022-12-19 20:28:56.171294', '2022-12-19 20:28:56.171294'),
        ('37512a37-1733-47d5-a931-9b1b448481b5', '37f9aa7d-167e-4555-bbe0-08b49ae0a452', 'Не применимо', 6, null, '2022-12-19 20:28:56.171294', '2022-12-19 20:28:56.171294'),
        ('24e1165e-ead5-4752-9792-fceb350950b3', 'd735422b-498c-41a9-8d78-ade078708832', 'Всегда', 1, null, '2022-12-19 20:29:54.504650', '2022-12-19 20:29:54.504650'),
        ('f7a2a4e7-c7b5-44b6-b8e8-2f6ccf571bcf', 'd735422b-498c-41a9-8d78-ade078708832', 'Часто', 2, null, '2022-12-19 20:29:54.504650', '2022-12-19 20:29:54.504650'),
        ('f47046a1-676a-48f9-ba36-4b8bc19201ef', 'd735422b-498c-41a9-8d78-ade078708832', 'Иногда', 3, null, '2022-12-19 20:29:54.504650', '2022-12-19 20:29:54.504650'),
        ('455f4220-84bd-4765-850f-f394238e73d4', 'd735422b-498c-41a9-8d78-ade078708832', 'Почти никогда', 4, null, '2022-12-19 20:29:54.504650', '2022-12-19 20:29:54.504650'),
        ('1e23f7f5-e635-434b-9fcd-a7fe66bda88c', 'd735422b-498c-41a9-8d78-ade078708832', 'Нет', 5, null, '2022-12-19 20:29:54.504650', '2022-12-19 20:29:54.504650'),
        ('7e52dfb9-8d88-4976-b5e5-5633fe491193', 'd735422b-498c-41a9-8d78-ade078708832', 'Не применимо', 6, null, '2022-12-19 20:29:54.504650', '2022-12-19 20:29:54.504650'),
        ('40194020-c9a9-41d3-8544-a6ee87731ec6', '95549c90-f3f7-425a-91af-422af8113aa4', 'Всегда', 1, null, '2022-12-19 20:30:19.795538', '2022-12-19 20:30:19.795538'),
        ('6e2c7573-2ffb-4373-ad19-cfdfd3c5a2d2', '95549c90-f3f7-425a-91af-422af8113aa4', 'Часто', 2, null, '2022-12-19 20:30:19.795538', '2022-12-19 20:30:19.795538'),
        ('4f539e05-b38e-42e6-a386-7d763f3333ca', '95549c90-f3f7-425a-91af-422af8113aa4', 'Иногда', 3, null, '2022-12-19 20:30:19.795538', '2022-12-19 20:30:19.795538'),
        ('bfbada22-4d2f-4f03-b85f-aadc232331f9', '95549c90-f3f7-425a-91af-422af8113aa4', 'Почти никогда', 4, null, '2022-12-19 20:30:19.795538', '2022-12-19 20:30:19.795538'),
        ('e29c1919-06c0-47ad-80fa-e981be82f4cd', '95549c90-f3f7-425a-91af-422af8113aa4', 'Нет', 5, null, '2022-12-19 20:30:19.795538', '2022-12-19 20:30:19.795538'),
        ('b873e0d0-a521-4d36-82be-bdb0aa33f8df', '95549c90-f3f7-425a-91af-422af8113aa4', 'Не применимо', 6, null, '2022-12-19 20:30:19.795538', '2022-12-19 20:30:19.795538'),
        ('26afa992-0cb8-473d-b1a2-b527fc66f676', 'e6e15830-9929-4e38-8561-cdd350cfa2cc', 'Далее', 1, null, '2022-12-17 14:32:09.077902', '2022-12-17 14:32:09.077902'),
        ('1ce41e12-58c6-4488-bad1-9a058d5c75f2', '15246113-389a-4a14-b233-727a74fdbcb5', 'OK', 1, null, '2022-12-19 20:35:22.603473', '2022-12-19 20:35:22.603473'),
        ('b33b3b20-145a-4d03-a094-0f02e248b35d', 'd8c3b749-65da-4f24-b09f-a2fd9cfa924d', 'Девочка', 2, null, '2022-12-17 14:38:45.174185', '2022-12-17 14:38:45.174185'),
        ('2ab9c7cf-0df9-49f9-9641-1f41b4530cef', 'b07d29ea-7d72-4b20-b5df-aeae04f77d3e', 'Да', 1, '1b9cf379-f558-4b75-b29c-708e9ab52c60', '2022-12-19 18:22:53.318639', '2022-12-19 18:22:53.318639');